date,consumo,weather_code,temperature_2m_mean,temperature_2m_max,temperature_2m_min,daylight_duration,precipitation_sum,wind_speed_10m_max
2022-09-14 00:00:00+01:00,4040.15,3.0,23.403334,28.6325,18.7325,44465.035,0.0,30.05515
2022-09-15 00:00:00+01:00,11673.44,2.0,23.115831,28.432499,18.9825,44369.92,0.0,36.376038
2022-09-16 00:00:00+01:00,11862.43,51.0,23.220001,27.182499,20.2325,44274.93,0.3,38.16
2022-09-17 00:00:00+01:00,10146.43,3.0,23.328337,27.8825,20.1325,44180.117,0.0,36.57501
2022-09-18 00:00:00+01:00,10680.43,53.0,22.715836,26.4825,19.332499,44085.54,1.5000001,25.417631
2022-09-19 00:00:00+01:00,10761.82,3.0,22.886667,28.682499,19.5325,43991.254,0.0,23.000591
2022-09-20 00:00:00+01:00,12271.65,0.0,24.463747,31.8825,18.7825,43897.215,0.0,30.259275
2022-09-21 00:00:00+01:00,11279.41,3.0,24.728333,32.982502,19.6325,43802.793,0.0,31.193535
2022-09-22 00:00:00+01:00,12619.65,3.0,24.434584,31.332499,20.1325,43707.91,0.0,31.435646
2022-09-23 00:00:00+01:00,10517.18,3.0,23.8825,29.4825,19.932499,43612.64,0.0,31.65135
2022-09-24 00:00:00+01:00,9271.17,51.0,22.857498,26.6325,20.7325,43517.03,0.5,30.10685
2022-09-25 00:00:00+01:00,9458.38,61.0,23.636667,29.2325,20.3825,43421.152,3.2,27.155552
2022-09-26 00:00:00+01:00,7224.36,53.0,22.43875,27.332499,19.1325,43325.07,1.0,26.178707
2022-09-27 00:00:00+01:00,9353.08,51.0,22.042917,26.9825,19.082499,43228.844,0.70000005,30.319181
2022-09-28 00:00:00+01:00,10053.26,3.0,21.603334,26.7825,18.6325,43132.53,0.0,27.811018
2022-09-29 00:00:00+01:00,9518.4,3.0,21.442917,25.7825,18.6325,43036.2,0.0,34.56
2022-09-30 00:00:00+01:00,8812.21,51.0,21.674166,26.182499,18.582499,42939.91,0.2,39.96162
2022-10-01 00:00:00+01:00,8696.66,2.0,22.430418,28.932499,17.832499,42843.723,0.0,30.351225
2022-10-02 00:00:00+01:00,9270.9,0.0,23.278334,32.732502,16.182499,42747.703,0.0,24.766848
2022-10-03 00:00:00+01:00,7292.5,1.0,27.147081,36.432503,19.582499,42651.918,0.0,23.686249
2022-10-04 00:00:00+01:00,9052.9,3.0,27.43667,35.0825,22.6325,42556.426,0.0,32.553635
2022-10-05 00:00:00+01:00,7982.22,3.0,23.22,30.2825,18.432499,42461.285,0.0,32.535713
2022-10-06 00:00:00+01:00,8781.94,3.0,22.453331,28.2325,19.1325,42366.57,0.0,29.215502
2022-10-07 00:00:00+01:00,8463.1,3.0,21.949167,26.4825,18.582499,42272.34,0.0,26.66188
2022-10-08 00:00:00+01:00,8263.03,3.0,22.80542,26.2825,20.432499,42178.664,0.0,23.000591
2022-10-09 00:00:00+01:00,5682.53,3.0,22.934584,30.432499,18.7825,42085.6,0.0,28.84047
2022-10-10 00:00:00+01:00,6785.65,3.0,22.82,28.8825,19.5325,41993.12,0.0,30.396025
2022-10-11 00:00:00+01:00,6470.5,3.0,21.915833,28.582499,17.332499,41900.52,0.0,30.317043
2022-10-12 00:00:00+01:00,9020.2,3.0,21.197084,26.332499,16.6325,41807.72,0.0,29.627363
2022-10-13 00:00:00+01:00,10093.22,51.0,21.45542,26.3825,17.332499,41714.793,0.5,34.925564
2022-10-14 00:00:00+01:00,9173.82,3.0,22.490835,28.7325,19.682499,41621.81,0.0,22.218153
2022-10-15 00:00:00+01:00,10569.97,3.0,24.030418,32.0825,19.332499,41528.844,0.0,23.795427
2022-10-16 00:00:00+01:00,8842.46,3.0,22.697083,29.5325,18.682499,41435.965,0.0,23.97989
2022-10-17 00:00:00+01:00,8398.99,3.0,22.342916,32.0325,16.2325,41343.254,0.0,21.068459
2022-10-18 00:00:00+01:00,9723.47,3.0,24.801252,35.232502,18.2325,41250.773,0.0,27.021591
2022-10-19 00:00:00+01:00,9432.72,3.0,24.949167,36.432503,17.7825,41158.605,0.0,25.562534
2022-10-20 00:00:00+01:00,9404.66,3.0,23.951248,34.8325,17.1325,41066.83,0.0,28.410364
2022-10-21 00:00:00+01:00,8819.99,2.0,24.399168,35.0825,18.0325,40975.51,0.0,28.664682
2022-10-22 00:00:00+01:00,9606.21,3.0,25.190832,35.732502,18.932499,40884.742,0.0,27.0
2022-10-23 00:00:00+01:00,7629.9,3.0,23.4075,33.3325,17.3825,40794.59,0.0,24.703976
2022-10-24 00:00:00+01:00,9977.61,3.0,23.267914,34.232502,16.8825,40705.14,0.0,19.022177
2022-10-25 00:00:00+01:00,8726.05,3.0,25.165833,33.732502,19.0325,40616.477,0.0,16.923828
2022-10-26 00:00:00+01:00,10457.14,3.0,25.103333,34.232502,18.2825,40528.676,0.0,18.626305
2022-10-27 00:00:00+01:00,8162.24,0.0,26.58042,35.232502,20.4825,40441.83,0.0,25.071098
2022-10-28 00:00:00+01:00,10292.75,3.0,26.949165,36.982502,20.3825,40356.016,0.0,27.645092
2022-10-29 00:00:00+01:00,7981.09,3.0,27.211664,36.432503,21.4825,40271.32,0.0,24.75638
2022-10-30 00:00:00+01:00,8741.35,3.0,26.153334,36.8325,17.9825,40187.72,0.0,21.767351
2022-10-31 00:00:00+01:00,7048.27,3.0,25.072084,34.5825,18.182499,40104.465,0.0,21.749481
2022-11-01 00:00:00+01:00,10560.97,2.0,24.003334,33.8325,15.8325,40021.47,0.0,26.208395
2022-11-02 00:00:00+01:00,8631.12,1.0,23.576254,32.932503,16.4825,39938.816,0.0,22.35481
2022-11-03 00:00:00+01:00,7512.63,3.0,21.81375,30.082499,16.4825,39856.586,0.0,26.427528
2022-11-04 00:00:00+01:00,8934.86,3.0,21.324167,28.2825,17.332499,39774.867,0.0,27.276978
2022-11-05 00:00:00+01:00,6273.96,3.0,21.086666,27.832499,16.832499,39693.742,0.0,23.510508
2022-11-06 00:00:00+01:00,7255.38,3.0,21.678331,29.832499,17.4825,39613.3,0.0,22.870626
2022-11-07 00:00:00+01:00,9522.8,3.0,22.032501,32.732502,15.382501,39533.633,0.0,22.932877
2022-11-08 00:00:00+01:00,9500.62,0.0,22.13875,31.7325,15.5325,39454.824,0.0,24.482647
2022-11-09 00:00:00+01:00,10246.62,3.0,20.792917,29.2325,16.1325,39376.97,0.0,27.852928
2022-11-10 00:00:00+01:00,8978.54,3.0,20.6825,28.7325,15.5325,39300.156,0.0,24.458813
2022-11-11 00:00:00+01:00,8836.63,3.0,22.009583,32.432503,14.8325,39224.484,0.0,21.382906
2022-11-12 00:00:00+01:00,8406.56,3.0,25.724167,33.182503,19.682499,39150.047,0.0,24.248613
2022-11-13 00:00:00+01:00,8549.06,3.0,26.117912,32.5825,20.932499,39076.945,0.0,30.85307
2022-11-14 00:00:00+01:00,9573.7,3.0,24.0575,31.0325,18.182499,39005.273,0.0,22.033648
2022-11-15 00:00:00+01:00,9543.08,0.0,24.21583,32.2825,19.082499,38935.13,0.0,23.686249
2022-11-16 00:00:00+01:00,10163.79,0.0,23.67,31.7325,17.8825,38866.617,0.0,18.626305
2022-11-17 00:00:00+01:00,7763.91,3.0,21.545,29.5325,15.0825,38799.84,0.0,21.647945
2022-11-18 00:00:00+01:00,8648.22,3.0,20.455418,25.832499,16.932499,38734.895,0.0,33.190357
2022-11-19 00:00:00+01:00,9904.289999999999,3.0,20.059584,23.332499,17.432499,38671.793,0.0,48.46648
2022-11-20 00:00:00+01:00,7667.31,0.0,20.117916,25.682499,16.682499,38609.84,0.0,34.651752
2022-11-21 00:00:00+01:00,8334.42,0.0,19.52625,26.832499,14.9325,38548.957,0.0,26.434887
2022-11-22 00:00:00+01:00,9223.49,1.0,19.088753,24.4825,15.882501,38489.23,0.0,29.035288
2022-11-23 00:00:00+01:00,9838.82,3.0,19.9825,25.332499,16.682499,38430.727,0.0,23.759998
2022-11-24 00:00:00+01:00,7704.93,3.0,19.953333,27.1325,14.9825,38373.52,0.0,19.829433
2022-11-25 00:00:00+01:00,7727.92,2.0,19.522081,28.582499,13.2825,38317.7,0.0,23.664352
2022-11-26 00:00:00+01:00,9086.04,2.0,20.242918,29.932499,13.6825,38263.336,0.0,22.862123
2022-11-27 00:00:00+01:00,9910.42,0.0,21.305414,30.2325,15.6825,38210.504,0.0,31.534437
2022-11-28 00:00:00+01:00,11240.5,3.0,20.197084,26.832499,15.3325,38159.293,0.0,27.0
2022-11-29 00:00:00+01:00,7203.78,3.0,18.330416,25.0325,14.5825,38109.78,0.0,25.14852
2022-11-30 00:00:00+01:00,10454.41,3.0,17.976252,24.682499,14.3325,38062.04,0.0,23.749088
2022-12-01 00:00:00+01:00,7554.79,1.0,17.061668,22.2325,12.9325,38016.16,0.0,22.565422
2022-12-02 00:00:00+01:00,9530.34,51.0,18.020002,22.2325,14.9825,37972.22,0.4,20.111729
2022-12-03 00:00:00+01:00,8572.52,51.0,17.9825,22.2825,14.7825,37930.297,0.3,15.2947035
2022-12-04 00:00:00+01:00,8548.43,3.0,17.757502,23.682499,13.5325,37890.484,0.0,21.407139
2022-12-05 00:00:00+01:00,7339.65,3.0,19.192919,24.182499,15.882501,37852.85,0.0,25.49908
2022-12-06 00:00:00+01:00,9689.44,3.0,18.355417,23.9825,15.2825,37817.484,0.0,13.237039
2022-12-07 00:00:00+01:00,8219.4,3.0,17.405416,24.2325,11.2825,37784.477,0.0,16.954432
2022-12-08 00:00:00+01:00,8711.04,61.0,20.013748,23.3825,16.9825,37753.895,3.1,23.441502
2022-12-09 00:00:00+01:00,9201.37,63.0,20.63875,23.5325,18.432499,37725.766,3.6,24.312662
2022-12-10 00:00:00+01:00,7799.13,3.0,19.995,25.932499,16.332499,37699.742,0.0,14.693999
2022-12-11 00:00:00+01:00,8318.55,3.0,20.361668,25.9825,16.832499,37675.766,0.0,15.077082
2022-12-12 00:00:00+01:00,8844.76,0.0,20.747086,28.2325,15.2325,37653.85,0.0,18.03237
2022-12-13 00:00:00+01:00,9297.05,3.0,21.436668,29.6325,16.2825,37634.023,0.0,14.386494
2022-12-14 00:00:00+01:00,10117.98,1.0,21.130417,27.5325,16.8825,37616.31,0.0,24.675106
2022-12-15 00:00:00+01:00,7750.82,2.0,18.963749,22.7825,14.9325,37600.71,0.0,20.466246
2022-12-16 00:00:00+01:00,8564.57,3.0,19.234583,23.0325,16.332499,37587.258,0.0,20.696087
2022-12-17 00:00:00+01:00,7927.35,2.0,18.355417,23.5325,13.4825,37575.97,0.0,19.296135
2022-12-18 00:00:00+01:00,7341.59,0.0,18.6075,25.932499,13.132501,37566.848,0.0,17.581125
2022-12-19 00:00:00+01:00,6927.58,0.0,20.119997,27.082499,14.9825,37559.92,0.0,25.683926
2022-12-20 00:00:00+01:00,7033.18,3.0,19.330416,24.582499,13.9325,37555.2,0.0,25.12016
2022-12-21 00:00:00+01:00,8547.19,0.0,19.38875,26.332499,13.7325,37552.703,0.0,25.762016
2022-12-22 00:00:00+01:00,8387.49,0.0,19.355417,26.182499,12.9325,37552.44,0.0,22.915916
2022-12-23 00:00:00+01:00,8853.42,0.0,18.795,26.2825,12.4325,37554.42,0.0,19.61587
2022-12-24 00:00:00+01:00,8672.14,0.0,18.82625,26.182499,12.4825,37558.66,0.0,16.595179
2022-12-25 00:00:00+01:00,7981.36,3.0,18.103333,26.082499,12.382501,37565.17,0.0,19.110542
2022-12-26 00:00:00+01:00,8259.16,1.0,19.811666,27.0325,13.7325,37573.96,0.0,37.038036
2022-12-27 00:00:00+01:00,8872.25,55.0,20.090834,25.7325,16.432499,37585.035,3.7,41.835964
2022-12-28 00:00:00+01:00,8420.52,61.0,19.9825,23.832499,15.632501,37598.406,4.0,38.329433
2022-12-29 00:00:00+01:00,8887.7,51.0,19.749166,23.5325,16.832499,37614.11,0.1,28.512817
2022-12-30 00:00:00+01:00,8191.63,53.0,18.784582,23.3825,15.2325,37632.312,1.6999999,23.587555
2022-12-31 00:00:00+01:00,8737.58,3.0,19.234585,24.582499,15.2825,37653.004,0.0,28.373846
2023-01-01 00:00:00+01:00,8735.0,3.0,17.674168,23.2825,13.0325,37676.113,0.0,23.47741
2023-01-02 00:00:00+01:00,8254.01,0.0,17.140833,23.9825,11.7825,37701.586,0.0,20.60823
2023-01-03 00:00:00+01:00,9379.27,3.0,18.519999,25.5325,12.9325,37729.363,0.0,25.1614
2023-01-04 00:00:00+01:00,9637.83,0.0,18.634583,24.8825,13.2825,37759.37,0.0,24.248611
2023-01-05 00:00:00+01:00,10209.58,0.0,17.678333,23.932499,12.1825,37791.562,0.0,22.565422
2023-01-06 00:00:00+01:00,9361.92,0.0,16.73667,23.4825,10.6825,37825.86,0.0,21.897945
2023-01-07 00:00:00+01:00,8814.57,0.0,16.576254,23.9825,10.382501,37862.21,0.0,23.828083
2023-01-08 00:00:00+01:00,9198.84,0.0,16.374166,23.9825,10.4325,37900.547,0.0,26.427528
2023-01-09 00:00:00+01:00,7349.99,3.0,16.786667,23.832499,10.9325,37940.81,0.0,25.233404
2023-01-10 00:00:00+01:00,9810.48,51.0,17.909584,22.2825,14.0325,37982.934,0.4,23.000591
2023-01-11 00:00:00+01:00,8936.24,53.0,18.230417,22.582499,14.4825,38026.848,0.90000004,22.961115
2023-01-12 00:00:00+01:00,7498.06,0.0,18.128334,23.3825,14.7825,38072.504,0.0,27.345785
2023-01-13 00:00:00+01:00,8170.28,2.0,18.176252,24.2825,14.132501,38119.824,0.0,22.322903
2023-01-14 00:00:00+01:00,8636.46,0.0,18.492918,26.332499,12.0825,38168.758,0.0,25.488914
2023-01-15 00:00:00+01:00,7281.74,0.0,18.13875,25.5325,11.9325,38219.24,0.0,27.504093
2023-01-16 00:00:00+01:00,6072.6,0.0,17.324167,23.1325,13.5325,38271.2,0.0,27.026386
2023-01-17 00:00:00+01:00,8530.35,1.0,16.06792,21.7325,11.7325,38324.59,0.0,27.362366
2023-01-18 00:00:00+01:00,8572.71,51.0,16.367916,20.7825,13.132501,38379.434,0.2,30.926489
2023-01-19 00:00:00+01:00,7602.79,2.0,16.724169,20.2325,14.2825,38436.344,0.0,39.061245
2023-01-20 00:00:00+01:00,8593.77,0.0,16.57,23.582499,11.2325,38495.344,0.0,33.00436
2023-01-21 00:00:00+01:00,9246.55,0.0,16.059584,21.932499,11.6825,38556.332,0.0,30.21642
2023-01-22 00:00:00+01:00,5817.81,3.0,17.045002,22.2825,13.382501,38619.21,0.0,30.589407
2023-01-23 00:00:00+01:00,7777.74,3.0,16.684584,21.7325,12.4825,38683.867,0.0,26.654589
2023-01-24 00:00:00+01:00,8377.4,3.0,15.770001,21.6325,11.6825,38750.21,0.0,27.698954
2023-01-25 00:00:00+01:00,7573.71,1.0,14.607501,20.2325,10.2825,38818.133,0.0,34.30594
2023-01-26 00:00:00+01:00,8297.91,3.0,14.645,19.332499,10.4325,38887.54,0.0,35.844864
2023-01-27 00:00:00+01:00,8140.17,51.0,14.209584,20.932499,8.6825,38958.336,0.1,31.780067
2023-01-28 00:00:00+01:00,7695.16,3.0,15.767918,19.6325,12.3325,39030.426,0.0,31.353085
2023-01-29 00:00:00+01:00,3938.55,51.0,14.9574995,20.332499,10.9825,39103.703,0.1,27.466372
2023-01-30 00:00:00+01:00,7808.73,3.0,14.384583,20.832499,9.632501,39178.086,0.0,28.449112
2023-01-31 00:00:00+01:00,7800.81,3.0,15.111667,21.582499,10.2825,39253.48,0.0,24.703976
2023-02-01 00:00:00+01:00,9893.14,0.0,14.763751,21.7325,8.6825,39329.793,0.0,26.302181
2023-02-02 00:00:00+01:00,9481.47,3.0,15.953335,22.4825,10.0825,39406.938,0.0,23.166218
2023-02-03 00:00:00+01:00,8615.83,3.0,15.836666,22.7825,10.2325,39484.824,0.0,26.121714
2023-02-04 00:00:00+01:00,8974.89,0.0,15.061667,21.9825,8.8325,39563.367,0.0,20.929596
2023-02-05 00:00:00+01:00,6386.33,2.0,15.311668,22.1325,8.7325,39642.484,0.0,28.48326
2023-02-06 00:00:00+01:00,9100.2,2.0,15.180419,21.332499,10.4325,39722.082,0.0,31.559086
2023-02-07 00:00:00+01:00,8744.07,1.0,14.395,20.182499,8.9325,39802.21,0.0,23.686249
2023-02-08 00:00:00+01:00,9805.39,3.0,14.66375,20.832499,9.1825,39883.625,0.0,21.175837
2023-02-09 00:00:00+01:00,6649.73,3.0,15.620002,21.1325,10.4325,39966.406,0.0,15.827721
2023-02-10 00:00:00+01:00,7035.84,61.0,16.565836,19.8825,14.0825,40050.453,8.3,35.98559
2023-02-11 00:00:00+01:00,10027.96,3.0,15.947083,21.932499,10.9825,40135.668,0.0,26.31942
2023-02-12 00:00:00+01:00,7945.83,3.0,17.245,23.832499,12.132501,40221.965,0.0,30.319181
2023-02-13 00:00:00+01:00,7911.73,3.0,18.905416,23.682499,15.4825,40309.242,0.0,30.817343
2023-02-14 00:00:00+01:00,8756.23,3.0,17.565836,22.4825,14.0325,40397.41,0.0,33.48774
2023-02-15 00:00:00+01:00,6693.11,3.0,15.063748,20.7325,11.3325,40486.38,0.0,33.00436
2023-02-16 00:00:00+01:00,7020.86,1.0,13.445001,19.082499,8.9325,40576.07,0.0,27.645092
2023-02-17 00:00:00+01:00,9673.82,1.0,14.530417,20.332499,8.5825,40666.387,0.0,18.947083
2023-02-18 00:00:00+01:00,9058.9,0.0,15.995002,21.8825,10.3325,40757.25,0.0,21.933426
2023-02-19 00:00:00+01:00,8890.05,0.0,16.24917,22.832499,10.9325,40848.566,0.0,25.44566
2023-02-20 00:00:00+01:00,6840.53,3.0,15.899169,23.5325,11.2825,40940.26,0.0,21.94524
2023-02-21 00:00:00+01:00,9943.3,3.0,15.851251,21.5325,11.5325,41032.254,0.0,19.33639
2023-02-22 00:00:00+01:00,7433.0,3.0,17.122086,23.932499,13.5325,41124.457,0.0,34.139313
2023-02-23 00:00:00+01:00,8289.96,51.0,16.882502,21.0325,14.1825,41216.793,0.6,29.204409
2023-02-24 00:00:00+01:00,7117.19,2.0,16.134584,20.432499,12.4825,41309.184,0.0,25.772078
2023-02-25 00:00:00+01:00,8373.62,3.0,15.61375,20.9825,11.4825,41401.555,0.0,20.390114
2023-02-26 00:00:00+01:00,9209.57,3.0,16.103333,21.7825,9.9325,41493.83,0.0,22.881958
2023-02-27 00:00:00+01:00,9278.48,3.0,17.755415,23.5325,13.632501,41586.03,0.0,29.723444
2023-02-28 00:00:00+01:00,8476.71,51.0,18.005417,24.082499,13.4825,41678.93,0.2,32.919827
2023-03-01 00:00:00+01:00,8781.08,51.0,18.195002,23.5325,14.9825,41772.59,0.1,29.175552
2023-03-02 00:00:00+01:00,9843.46,3.0,17.65125,23.9825,12.7825,41866.957,0.0,28.385262
2023-03-03 00:00:00+01:00,9375.76,51.0,18.563753,24.1325,14.132501,41961.94,0.1,26.009842
2023-03-04 00:00:00+01:00,10651.75,3.0,17.48667,24.2825,12.4325,42057.48,0.0,27.086262
2023-03-05 00:00:00+01:00,8206.43,0.0,17.6075,24.9825,12.0825,42153.496,0.0,25.40743
2023-03-06 00:00:00+01:00,7235.86,3.0,17.649168,25.6325,12.382501,42249.918,0.0,28.220417
2023-03-07 00:00:00+01:00,8250.64,3.0,18.428333,26.2825,13.0325,42346.68,0.0,24.693481
2023-03-08 00:00:00+01:00,7490.8,3.0,19.128332,27.332499,14.6825,42443.707,0.0,26.932714
2023-03-09 00:00:00+01:00,9026.62,3.0,19.32,25.7325,15.0325,42540.94,0.0,36.233246
2023-03-10 00:00:00+01:00,8407.93,0.0,20.265837,29.2325,15.132501,42638.297,0.0,25.862436
2023-03-11 00:00:00+01:00,10075.4,3.0,22.040834,34.8325,14.7325,42735.715,0.0,27.908709
2023-03-12 00:00:00+01:00,6614.9,0.0,24.822084,36.232502,16.832499,42833.13,0.0,29.275326
2023-03-13 00:00:00+01:00,7154.14,3.0,21.17625,30.6325,14.2325,42930.473,0.0,33.497414
2023-03-14 00:00:00+01:00,8335.71,3.0,19.76375,28.582499,14.132501,43027.668,0.0,31.404713
2023-03-15 00:00:00+01:00,9665.39,3.0,20.095,29.7325,14.6825,43124.656,0.0,27.25559
2023-03-16 00:00:00+01:00,8035.72,3.0,19.638752,27.7825,13.9825,43221.367,0.0,36.061146
2023-03-17 00:00:00+01:00,7901.78,3.0,19.001251,24.8825,14.8325,43317.734,0.0,38.383495
2023-03-18 00:00:00+01:00,8774.57,3.0,17.917915,22.932499,14.0325,43413.69,0.0,39.622902
2023-03-19 00:00:00+01:00,8417.54,3.0,18.159582,23.0325,14.5325,43509.277,0.0,37.462494
2023-04-24 00:00:00+01:00,5965.95,3.0,20.155415,27.0325,15.382501,46887.023,0.0,25.140787
2023-04-25 00:00:00+01:00,5898.04,3.0,20.957502,27.932499,17.082499,46972.938,0.0,20.633371
2023-04-26 00:00:00+01:00,6541.41,3.0,22.71167,32.1325,16.2325,47057.82,0.0,31.205997
2023-04-27 00:00:00+01:00,9244.7,3.0,21.526247,28.2325,16.4825,47141.586,0.0,23.708124
2023-04-28 00:00:00+01:00,10779.83,3.0,21.640833,29.9825,16.2825,47224.254,0.0,29.250967
2023-04-29 00:00:00+01:00,9746.14,2.0,22.495,31.832499,16.3825,47306.44,0.0,32.217484
2023-04-30 00:00:00+01:00,7491.67,3.0,23.680414,32.8325,17.332499,47388.223,0.0,33.81126
2023-05-01 00:00:00+01:00,8090.9,0.0,23.02625,31.932499,16.2825,47469.527,0.0,31.534437
2023-05-02 00:00:00+01:00,7609.17,3.0,22.140837,33.232502,15.0325,47550.293,0.0,31.205997
2023-05-03 00:00:00+01:00,9312.33,1.0,23.074167,30.4825,16.082499,47630.45,0.0,30.009838
2023-05-04 00:00:00+01:00,10794.27,3.0,22.38875,27.8825,18.4825,47709.926,0.0,32.058193
2023-05-05 00:00:00+01:00,7071.51,3.0,21.072084,25.832499,17.4825,47788.652,0.0,36.102455
2023-05-06 00:00:00+01:00,7900.64,3.0,21.124166,26.0325,17.2825,47866.562,0.0,40.310356
2023-05-07 00:00:00+01:00,8965.13,51.0,21.332499,26.082499,17.582499,47943.574,0.1,38.761486
2023-05-08 00:00:00+01:00,7629.03,3.0,21.386665,27.3825,17.2325,48019.625,0.0,35.1862
2023-05-09 00:00:00+01:00,9146.96,0.0,23.724165,33.932503,17.082499,48094.625,0.0,30.302078
2023-05-10 00:00:00+01:00,7504.05,0.0,23.703333,32.8825,16.932499,48168.508,0.0,28.739187
2023-05-11 00:00:00+01:00,7111.3,3.0,22.495,30.5325,17.4825,48241.2,0.0,35.90808
2023-05-12 00:00:00+01:00,8760.68,3.0,21.205418,28.2825,16.1325,48312.613,0.0,37.029285
2023-05-13 00:00:00+01:00,10068.95,3.0,20.644999,26.2825,16.7825,48382.668,0.0,37.585102
2023-05-14 00:00:00+01:00,8376.36,3.0,20.38875,26.5325,15.4825,48451.29,0.0,34.145008
2023-05-15 00:00:00+01:00,8410.39,3.0,20.697084,28.082499,15.7325,48518.39,0.0,32.623226
2023-05-16 00:00:00+01:00,11038.15,63.0,19.947084,23.9825,16.8825,48583.89,9.0,25.630886
2023-05-17 00:00:00+01:00,13053.81,51.0,19.549166,24.4825,15.7825,48647.703,0.1,33.121956
2023-05-18 00:00:00+01:00,9387.68,51.0,20.047083,25.682499,15.4325,48709.824,0.3,31.68818
2023-05-19 00:00:00+01:00,9850.61,3.0,20.226248,25.7325,15.9325,48770.773,0.0,28.1169
2023-05-20 00:00:00+01:00,9582.81,3.0,19.53875,24.2825,15.3325,48830.59,0.0,26.564486
2023-05-21 00:00:00+01:00,9365.27,3.0,19.409582,24.082499,14.2325,48889.227,0.0,27.691935
2023-05-22 00:00:00+01:00,8219.26,3.0,19.615835,24.682499,14.6825,48946.625,0.0,27.475807
2023-05-23 00:00:00+01:00,11067.24,3.0,20.001253,24.9825,15.3325,49002.723,0.0,26.525429
2023-05-24 00:00:00+01:00,12134.87,1.0,19.617918,25.0325,13.9825,49057.465,0.0,25.9225
2023-05-25 00:00:00+01:00,9045.42,3.0,20.615833,26.9825,14.5825,49110.793,0.0,25.671307
2023-05-26 00:00:00+01:00,9995.039999999999,3.0,20.167917,25.2325,15.3325,49162.64,0.0,21.178896
2023-05-27 00:00:00+01:00,9393.6,1.0,20.678333,26.7325,14.9825,49212.953,0.0,22.039528
2023-05-28 00:00:00+01:00,10785.59,3.0,21.467916,27.832499,15.132501,49261.66,0.0,25.764534
2023-05-29 00:00:00+01:00,9996.6,3.0,21.799166,27.2825,17.3825,49308.715,0.0,25.38702
2023-05-30 00:00:00+01:00,11170.56,3.0,22.022085,28.6325,15.882501,49354.043,0.0,33.46645
2023-05-31 00:00:00+01:00,8812.9,3.0,21.145002,26.932499,16.1325,49397.59,0.0,26.712873
2023-06-01 00:00:00+01:00,7651.72,0.0,21.53875,27.182499,16.432499,49439.29,0.0,24.490585
2023-06-02 00:00:00+01:00,9061.8,3.0,22.46375,26.932499,17.932499,49479.086,0.0,23.977188
2023-06-03 00:00:00+01:00,11196.3,51.0,22.803335,26.9825,18.7825,49516.906,0.4,26.785547
2023-06-04 00:00:00+01:00,8314.75,3.0,23.222084,28.2825,19.082499,49552.695,0.0,25.772078
2023-06-05 00:00:00+01:00,9300.17,3.0,23.338747,29.9825,17.832499,49586.395,0.0,24.26998
2023-06-06 00:00:00+01:00,12941.7,3.0,24.16375,29.082499,19.2325,49617.934,0.0,28.802248
2023-06-07 00:00:00+01:00,11701.73,3.0,24.97625,29.4825,21.7325,49647.3,0.0,36.702347
2023-06-08 00:00:00+01:00,9934.84,3.0,24.111666,27.3825,21.8825,49674.742,0.0,27.558228
2023-06-09 00:00:00+01:00,12168.22,3.0,22.957497,28.182499,17.682499,49700.285,0.0,23.993399
2023-06-10 00:00:00+01:00,9090.51,2.0,22.888748,28.682499,17.332499,49723.926,0.0,27.276978
2023-06-11 00:00:00+01:00,9231.06,2.0,23.005417,28.3825,17.2325,49745.645,0.0,27.103
2023-06-12 00:00:00+01:00,8675.02,1.0,23.2575,28.7325,17.7325,49765.42,0.0,31.63087
2023-06-13 00:00:00+01:00,9303.81,2.0,23.32625,28.0325,18.7325,49783.246,0.0,30.978832
2023-06-14 00:00:00+01:00,8352.55,3.0,23.361666,28.7825,18.3825,49799.098,0.0,29.179993
2023-06-15 00:00:00+01:00,7797.41,3.0,23.763748,28.932499,19.682499,49812.965,0.0,26.932714
2023-06-16 00:00:00+01:00,8565.06,3.0,23.374166,29.682499,17.082499,49824.84,0.0,28.202042
2023-06-17 00:00:00+01:00,7961.94,3.0,23.9825,30.9825,18.7825,49834.703,0.0,28.73242
2023-06-18 00:00:00+01:00,8326.6,3.0,23.415834,28.2825,19.4825,49842.54,0.0,25.620771
2023-06-19 00:00:00+01:00,7991.03,3.0,23.286667,28.082499,18.2825,49848.344,0.0,24.149532
2023-06-20 00:00:00+01:00,8522.55,51.0,23.563745,29.182499,18.832499,49852.105,0.1,23.686249
2023-06-21 00:00:00+01:00,6524.51,1.0,24.084581,30.0325,18.582499,49853.812,0.0,27.362366
2023-06-22 00:00:00+01:00,9506.98,2.0,24.63458,31.182499,19.1325,49853.453,0.0,30.574575
2023-06-23 00:00:00+01:00,9379.37,1.0,24.292913,30.7325,19.0325,49851.023,0.0,29.381382
2023-06-24 00:00:00+01:00,7213.82,3.0,23.645002,28.4825,19.332499,49846.516,0.0,30.009838
2023-06-25 00:00:00+01:00,7952.78,51.0,24.078331,29.7325,20.432499,49839.918,0.1,26.729847
2023-06-26 00:00:00+01:00,6497.06,3.0,23.807497,29.082499,20.082499,49831.227,0.0,23.452555
2023-06-27 00:00:00+01:00,6657.01,3.0,24.617918,30.7325,20.432499,49820.42,0.0,24.967497
2023-06-28 00:00:00+01:00,6142.75,3.0,26.424166,34.682503,20.182499,49807.375,0.0,30.78368
2023-06-29 00:00:00+01:00,5977.44,0.0,26.092913,34.432503,20.582499,49792.11,0.0,35.02561
2023-06-30 00:00:00+01:00,5803.38,1.0,24.505417,30.082499,20.3825,49774.656,0.0,40.60347
2023-07-01 00:00:00+01:00,5821.23,3.0,23.903336,29.4825,19.8825,49755.066,0.0,35.543507
2023-07-02 00:00:00+01:00,5854.64,2.0,24.655416,31.932499,19.082499,49733.38,0.0,29.427662
2023-07-03 00:00:00+01:00,5853.03,3.0,25.376251,32.232502,21.182499,49709.645,0.0,31.421213
2023-07-04 00:00:00+01:00,6057.11,3.0,25.44708,33.0825,20.8825,49683.9,0.0,31.63087
2023-07-05 00:00:00+01:00,6420.85,3.0,25.688745,34.682503,19.8825,49656.188,0.0,32.335934
2023-07-06 00:00:00+01:00,5964.34,3.0,24.749168,31.0325,20.682499,49626.56,0.0,33.151287
2023-07-07 00:00:00+01:00,7461.98,3.0,23.982498,29.0325,20.0325,49595.062,0.0,32.2034
2023-07-08 00:00:00+01:00,7537.1,3.0,23.87,29.2325,19.582499,49561.734,0.0,35.589054
2023-07-09 00:00:00+01:00,7476.31,2.0,24.40125,30.4825,20.1325,49526.637,0.0,36.088093
2023-07-10 00:00:00+01:00,7534.79,3.0,25.178331,32.682503,20.2325,49489.793,0.0,35.27449
2023-07-11 00:00:00+01:00,8233.21,3.0,25.640831,33.2825,20.582499,49451.273,0.0,38.175278
2023-07-12 00:00:00+01:00,7166.01,3.0,26.280416,35.0325,20.7325,49411.105,0.0,39.27961
2023-07-13 00:00:00+01:00,7930.84,3.0,28.494997,37.5825,22.682499,49369.344,0.0,40.24922
2023-07-14 00:00:00+01:00,7924.49,0.0,26.884584,35.1325,21.332499,49326.035,0.0,41.24161
2023-07-15 00:00:00+01:00,9139.44,3.0,24.486662,30.2325,20.082499,49281.223,0.0,38.681152
2023-07-16 00:00:00+01:00,8316.14,51.0,24.055414,28.582499,20.7325,49234.957,0.1,37.420956
2023-07-17 00:00:00+01:00,7991.91,3.0,24.117918,29.6325,19.9825,49187.215,0.0,31.667723
2023-07-18 00:00:00+01:00,9502.71,3.0,24.72625,31.5325,20.3825,49137.562,0.0,26.932714
2023-07-19 00:00:00+01:00,9303.18,3.0,24.640833,31.3825,19.9825,49085.98,0.0,32.91983
2023-07-20 00:00:00+01:00,9023.55,3.0,24.232498,29.2825,21.082499,49032.555,0.0,38.156605
2023-07-21 00:00:00+01:00,8509.93,2.0,23.809584,28.9825,20.2325,48977.355,0.0,42.82638
2023-07-22 00:00:00+01:00,8633.03,1.0,23.52625,28.682499,20.182499,48920.473,0.0,42.82638
2023-07-23 00:00:00+01:00,10158.88,3.0,23.501251,28.5325,19.7825,48861.965,0.0,38.183765
2023-07-24 00:00:00+01:00,7800.93,2.0,23.50125,29.082499,19.432499,48801.93,0.0,33.971867
2023-07-25 00:00:00+01:00,9192.96,1.0,23.532501,29.7325,18.8825,48740.43,0.0,32.489876
2023-07-26 00:00:00+01:00,12699.89,3.0,23.649168,29.6325,19.8825,48677.543,0.0,33.481934
2023-07-27 00:00:00+01:00,11232.84,3.0,22.955416,27.682499,18.932499,48613.344,0.0,38.540184
2023-07-28 00:00:00+01:00,9362.32,51.0,23.482496,28.432499,19.682499,48547.906,0.1,32.048088
2023-07-29 00:00:00+01:00,9889.79,3.0,23.728333,30.0325,19.4825,48481.305,0.0,35.864742
2023-07-30 00:00:00+01:00,9385.23,3.0,24.245003,30.9825,19.7825,48413.61,0.0,39.738846
2023-07-31 00:00:00+01:00,7773.71,1.0,24.609583,31.8825,19.6325,48344.887,0.0,39.04797
2023-08-01 00:00:00+01:00,11529.17,1.0,24.807497,31.8825,20.5325,48275.21,0.0,41.66679
2023-08-02 00:00:00+01:00,9465.5,3.0,24.153334,30.5325,20.332499,48204.65,0.0,40.377815
2023-08-03 00:00:00+01:00,9111.48,3.0,24.28875,30.182499,20.5325,48133.27,0.0,38.175278
2023-08-04 00:00:00+01:00,9369.78,3.0,24.128332,28.7825,20.9825,48061.133,0.0,34.353127
2023-08-05 00:00:00+01:00,10788.92,3.0,23.401253,27.432499,20.9825,47988.312,0.0,29.157776
2023-08-06 00:00:00+01:00,9103.16,3.0,23.830414,27.6325,21.2325,47914.777,0.0,21.749483
2023-08-07 00:00:00+01:00,9068.65,3.0,23.894999,28.0325,21.332499,47839.953,0.0,26.089447
2023-08-08 00:00:00+01:00,11983.27,3.0,23.792915,29.332499,19.4825,47763.78,0.0,30.147717
2023-08-09 00:00:00+01:00,9702.67,3.0,24.153334,30.2825,19.8825,47686.35,0.0,36.317204
2023-08-10 00:00:00+01:00,12324.25,3.0,28.40125,40.982502,20.682499,47607.75,0.0,35.97299
2023-08-11 00:00:00+01:00,9483.97,3.0,33.245,44.8825,25.9825,47528.047,0.0,35.320385
2023-08-12 00:00:00+01:00,9017.08,3.0,35.322083,46.8325,27.1325,47447.32,0.0,34.10133
2023-08-13 00:00:00+01:00,13021.86,3.0,32.19917,41.932503,24.3825,47365.645,0.0,30.068083
2023-08-14 00:00:00+01:00,9761.61,3.0,27.686666,36.732502,22.2825,47283.1,0.0,33.81126
2023-08-15 00:00:00+01:00,11656.91,1.0,26.036665,35.232502,21.1325,47199.766,0.0,37.517803
2023-08-16 00:00:00+01:00,12839.32,3.0,25.017914,32.5325,19.6325,47115.7,0.0,38.236336
2023-08-17 00:00:00+01:00,12422.48,3.0,25.215828,34.182503,20.6325,47030.984,0.0,35.97299
2023-08-18 00:00:00+01:00,8024.38,2.0,26.209585,35.8325,20.6325,46945.688,0.0,38.047756
2023-08-19 00:00:00+01:00,10625.11,3.0,26.730417,33.482502,22.432499,46859.863,0.0,24.57511
2023-08-20 00:00:00+01:00,8730.23,53.0,26.72625,32.1325,23.682499,46773.605,0.5,31.52005
2023-08-21 00:00:00+01:00,9102.9,3.0,26.5325,33.1325,23.5325,46686.965,0.0,46.399517
2023-08-22 00:00:00+01:00,11062.14,2.0,27.305412,36.3825,21.4825,46600.01,0.0,33.151287
2023-08-23 00:00:00+01:00,10696.2,3.0,26.257498,35.0325,20.4825,46512.805,0.0,27.952787
2023-08-24 00:00:00+01:00,10383.81,3.0,25.847084,32.982502,20.432499,46425.41,0.0,21.461555
2023-08-25 00:00:00+01:00,12886.86,3.0,26.167913,32.482502,23.2825,46337.895,0.0,26.437336
2023-08-26 00:00:00+01:00,13559.41,3.0,28.255415,35.182503,23.6325,46250.22,0.0,33.841915
2023-08-27 00:00:00+01:00,11201.19,3.0,25.342918,31.2825,21.5325,46161.773,0.0,41.21646
2023-08-28 00:00:00+01:00,9624.03,0.0,23.559584,28.7825,19.6325,46072.5,0.0,33.971867
2023-08-29 00:00:00+01:00,13548.57,0.0,23.867914,30.3825,19.432499,45982.45,0.0,30.855171
2023-08-30 00:00:00+01:00,12890.88,51.0,23.894999,29.4825,20.7325,45891.71,0.2,29.519999
2023-08-31 00:00:00+01:00,15015.34,3.0,24.024168,31.082499,20.1325,45800.336,0.0,27.897097
2023-09-01 00:00:00+01:00,12323.08,3.0,23.399164,30.5325,18.8825,45708.402,0.0,30.36403
2023-09-02 00:00:00+01:00,14850.39,3.0,23.609583,29.182499,19.832499,45615.96,0.0,28.802248
2023-09-03 00:00:00+01:00,13375.82,51.0,23.036665,27.6325,19.182499,45523.086,0.1,23.977188
2023-09-04 00:00:00+01:00,11360.83,2.0,23.165833,28.2325,18.6325,45429.84,0.0,22.415602
2023-09-05 00:00:00+01:00,15259.55,3.0,23.65125,30.7825,18.4825,45336.28,0.0,30.955812
2023-09-06 00:00:00+01:00,15459.4,3.0,25.655416,35.3325,19.582499,45242.47,0.0,32.68871
2023-09-07 00:00:00+01:00,14339.83,3.0,26.909582,34.982502,21.832499,45148.465,0.0,29.162226
2023-09-08 00:00:00+01:00,15347.4,1.0,25.8075,32.8825,20.682499,45054.336,0.0,27.419146
2023-09-09 00:00:00+01:00,9560.61,3.0,25.255417,31.4825,20.682499,44960.133,0.0,27.897097
2023-09-10 00:00:00+01:00,9435.04,1.0,24.642916,30.682499,19.932499,44865.92,0.0,27.595825
2023-09-11 00:00:00+01:00,9049.77,3.0,24.580416,31.3825,20.1325,44771.754,0.0,30.633865
2023-09-12 00:00:00+01:00,13996.81,3.0,24.345,30.2325,20.1325,44677.688,0.0,29.830078
2023-09-13 00:00:00+01:00,11756.03,2.0,24.026253,29.7825,19.9825,44583.78,0.0,30.77105
2023-09-14 00:00:00+01:00,10565.55,3.0,23.795,29.4825,19.2325,44490.098,0.0,28.835976
2023-09-15 00:00:00+01:00,11523.98,1.0,23.58875,29.582499,18.682499,44396.594,0.0,28.820242
2023-09-16 00:00:00+01:00,12178.0,2.0,23.305414,29.082499,18.582499,44302.637,0.0,25.068514
2023-09-17 00:00:00+01:00,10850.19,0.0,24.311666,31.332499,19.2325,44208.16,0.0,33.973778
2023-09-18 00:00:00+01:00,8912.44,1.0,23.8075,29.432499,19.9825,44113.23,0.0,32.789658
2023-09-19 00:00:00+01:00,13409.87,3.0,23.215836,28.6325,19.682499,44017.906,0.0,31.311722
2023-09-20 00:00:00+01:00,10388.07,2.0,23.153336,28.9825,18.4825,43922.25,0.0,28.185955
2023-09-21 00:00:00+01:00,10028.01,0.0,22.878336,28.9825,18.182499,43826.316,0.0,28.901073
2023-09-22 00:00:00+01:00,9917.56,51.0,23.1075,28.7325,18.582499,43730.18,0.2,32.219494
2023-09-23 00:00:00+01:00,10184.63,3.0,23.640833,28.182499,20.2825,43633.89,0.0,27.288855
2023-09-24 00:00:00+01:00,10318.31,1.0,22.488749,29.1325,17.332499,43537.51,0.0,28.835976
2023-09-25 00:00:00+01:00,8344.98,3.0,22.680414,28.582499,17.7825,43441.098,0.0,27.381308
2023-09-26 00:00:00+01:00,9127.12,3.0,23.17,29.4825,18.582499,43344.723,0.0,28.174456
2023-09-27 00:00:00+01:00,9365.86,3.0,23.211664,28.682499,19.6325,43248.438,0.0,32.44996
2023-09-28 00:00:00+01:00,8621.33,3.0,23.767914,28.7325,20.2825,43152.297,0.0,28.079998
2023-09-29 00:00:00+01:00,6807.73,51.0,24.238752,30.432499,20.7325,43056.375,0.1,19.137648
2023-09-30 00:00:00+01:00,7924.59,3.0,26.5325,38.5325,19.432499,42960.723,0.0,25.44566
2023-10-01 00:00:00+01:00,10623.7,3.0,28.242914,37.8825,21.582499,42865.402,0.0,26.727423
2023-10-02 00:00:00+01:00,11895.97,0.0,29.394999,40.732502,22.182499,42770.48,0.0,32.2396
2023-10-03 00:00:00+01:00,12194.31,3.0,31.75958,40.482502,26.082499,42676.01,0.0,33.190357
2023-10-04 00:00:00+01:00,11633.57,3.0,31.422083,39.982502,25.5325,42582.06,0.0,31.037344
2023-10-05 00:00:00+01:00,11453.17,3.0,30.378334,38.3825,23.582499,42488.586,0.0,27.381308
2023-10-06 00:00:00+01:00,8789.99,3.0,30.949165,38.0825,24.082499,42394.914,0.0,29.714724
2023-10-07 00:00:00+01:00,11300.84,3.0,32.24708,38.432503,25.7325,42300.965,0.0,36.50052
2023-10-08 00:00:00+01:00,9041.48,2.0,32.909588,39.8325,27.332499,42206.8,0.0,35.74167
2023-10-09 00:00:00+01:00,10749.68,3.0,32.053333,38.5825,26.3825,42112.496,0.0,36.575005
2023-10-10 00:00:00+01:00,13329.43,0.0,30.049166,37.7825,22.832499,42018.12,0.0,27.416782
2023-10-11 00:00:00+01:00,14802.17,0.0,27.522081,34.982502,21.5325,41923.746,0.0,26.867676
2023-10-12 00:00:00+01:00,14230.43,2.0,27.215834,36.7825,19.432499,41829.43,0.0,23.441502
2023-10-13 00:00:00+01:00,13160.16,3.0,29.774162,37.0825,23.582499,41735.254,0.0,27.231804
2023-10-14 00:00:00+01:00,10424.09,1.0,30.097084,37.8325,23.832499,41641.29,0.0,31.06239
2023-10-15 00:00:00+01:00,12086.55,3.0,27.817915,34.6325,22.5325,41547.598,0.0,28.883131
2023-10-16 00:00:00+01:00,11611.039999999999,3.0,25.28875,31.4825,21.6325,41454.266,0.0,24.858253
2023-10-17 00:00:00+01:00,13167.64,3.0,26.303337,33.6325,19.9825,41361.355,0.0,22.26477
2023-10-18 00:00:00+01:00,11033.37,3.0,24.795,31.832499,20.332499,41268.945,0.0,26.33911
2023-10-19 00:00:00+01:00,10434.62,3.0,22.526247,27.5325,19.682499,41177.11,0.0,23.510508
2023-10-20 00:00:00+01:00,10556.99,53.0,22.588747,26.5325,20.1325,41085.92,1.0,24.442913
2023-10-21 00:00:00+01:00,11272.22,2.0,21.795,27.4825,17.832499,40995.465,0.0,21.67487
2023-10-22 00:00:00+01:00,10188.56,51.0,22.628334,26.4825,19.932499,40905.812,0.70000005,26.999998
2023-10-23 00:00:00+01:00,12630.46,3.0,22.142916,26.7825,18.432499,40817.05,0.0,25.323128
2023-10-24 00:00:00+01:00,10415.41,3.0,21.417915,27.082499,16.8825,40729.258,0.0,27.009598
2023-10-25 00:00:00+01:00,12625.49,0.0,20.967915,26.932499,15.6825,40642.4,0.0,30.282827
2023-10-26 00:00:00+01:00,10927.96,3.0,22.015831,28.082499,17.2825,40555.727,0.0,28.291512
2023-10-27 00:00:00+01:00,7988.65,3.0,22.149164,28.682499,17.0325,40469.164,0.0,30.009838
2023-10-28 00:00:00+01:00,12109.68,51.0,22.21375,28.1325,17.932499,40382.785,0.1,27.466372
2023-10-29 00:00:00+01:00,13433.07,3.0,20.972082,28.082499,15.4325,40296.684,0.0,16.179987
2023-10-30 00:00:00+01:00,8225.03,2.0,22.309584,31.2325,15.9325,40210.93,0.0,17.873556
2023-10-31 00:00:00+01:00,12566.66,3.0,22.028334,28.7825,17.6325,40125.61,0.0,19.376562
2023-11-01 00:00:00+01:00,10262.11,3.0,22.761665,29.2825,18.5325,40040.81,0.0,21.485697
2023-11-02 00:00:00+01:00,10226.83,3.0,22.678335,28.082499,20.082499,39956.61,0.0,33.532215
2023-11-03 00:00:00+01:00,8112.3,3.0,21.503332,26.432499,17.832499,39873.1,0.0,32.335934
2023-11-04 00:00:00+01:00,10511.2,3.0,21.661667,25.5325,18.832499,39790.375,0.0,29.888672
2023-11-05 00:00:00+01:00,9252.72,3.0,21.309584,25.932499,17.3825,39708.52,0.0,27.684914
2023-11-06 00:00:00+01:00,8772.93,3.0,21.103333,25.082499,18.2825,39627.625,0.0,38.592266
2023-11-07 00:00:00+01:00,9427.16,3.0,20.136667,23.7825,18.182499,39547.78,0.0,44.269753
2023-11-08 00:00:00+01:00,10905.27,1.0,19.9325,25.0325,16.832499,39469.086,0.0,36.860905
2023-11-09 00:00:00+01:00,11033.55,3.0,20.617918,27.6325,16.832499,39391.633,0.0,29.379177
2023-11-10 00:00:00+01:00,11751.45,0.0,20.492918,27.2825,16.7325,39315.52,0.0,32.90014
2023-11-11 00:00:00+01:00,9891.77,3.0,21.655416,29.0325,17.682499,39240.85,0.0,26.739542
2023-11-12 00:00:00+01:00,13786.65,3.0,21.905418,31.1325,15.632501,39167.72,0.0,21.746502
2023-11-13 00:00:00+01:00,11964.82,3.0,24.459581,34.482502,17.0325,39096.23,0.0,19.881649
2023-11-14 00:00:00+01:00,11850.36,3.0,26.311666,35.432503,20.5325,39026.367,0.0,22.26477
2023-11-15 00:00:00+01:00,12557.66,3.0,25.85333,33.932503,19.5325,38957.414,0.0,25.925
2023-11-16 00:00:00+01:00,12277.44,0.0,22.81375,30.682499,16.832499,38889.29,0.0,21.638964
2023-11-17 00:00:00+01:00,11139.24,0.0,22.113752,32.182503,15.6825,38822.074,0.0,23.710857
2023-11-18 00:00:00+01:00,10410.38,0.0,22.3825,31.582499,15.4825,38755.85,0.0,20.633371
2023-11-19 00:00:00+01:00,12582.35,0.0,21.957502,30.182499,16.2825,38690.7,0.0,21.915691
2023-11-20 00:00:00+01:00,11280.62,3.0,22.205416,30.8825,16.3825,38626.707,0.0,24.962307
2023-11-21 00:00:00+01:00,11475.48,3.0,22.85333,29.932499,17.7325,38563.953,0.0,22.17144
2023-11-22 00:00:00+01:00,12381.32,3.0,19.465834,24.182499,15.882501,38502.527,0.0,26.7565
2023-11-23 00:00:00+01:00,11853.35,2.0,19.076248,24.0325,16.0325,38442.516,0.0,29.381382
2023-11-24 00:00:00+01:00,12029.86,0.0,17.96583,23.582499,14.0825,38384.004,0.0,26.220753
2023-11-25 00:00:00+01:00,11869.04,3.0,17.6825,23.082499,13.3325,38327.082,0.0,21.599998
2023-11-26 00:00:00+01:00,11472.77,3.0,16.880419,22.3825,12.2325,38271.844,0.0,23.051247
2023-11-27 00:00:00+01:00,12104.32,3.0,17.695002,24.582499,12.5825,38218.375,0.0,19.416653
2023-11-28 00:00:00+01:00,12393.98,3.0,17.749166,24.5325,11.9825,38166.77,0.0,20.907913
2023-11-29 00:00:00+01:00,13394.35,3.0,16.545,21.932499,12.4325,38117.11,0.0,13.608762
2023-11-30 00:00:00+01:00,12027.74,3.0,18.159586,27.4825,12.0825,38069.5,0.0,30.652895
2023-12-01 00:00:00+01:00,12321.43,51.0,19.474169,22.7325,17.2325,38024.027,0.90000004,39.047966
2023-12-02 00:00:00+01:00,12369.06,3.0,19.690834,24.5325,17.182499,37980.785,0.0,24.798225
2023-12-03 00:00:00+01:00,11202.08,0.0,17.4325,22.3825,13.2825,37939.87,0.0,22.493519
2023-12-04 00:00:00+01:00,12950.63,3.0,16.917917,23.432499,12.8325,37901.29,0.0,15.077082
2023-12-05 00:00:00+01:00,9951.26,3.0,18.236666,22.8825,14.3325,37864.594,0.0,16.93531
2023-12-06 00:00:00+01:00,13561.69,3.0,19.172085,24.6325,14.1825,37829.7,0.0,20.00512
2023-12-07 00:00:00+01:00,13761.9,3.0,18.413748,22.2325,15.9325,37796.668,0.0,23.263912
2023-12-08 00:00:00+01:00,11666.11,3.0,18.905418,24.2325,15.5325,37765.52,0.0,28.017622
2023-12-09 00:00:00+01:00,12732.39,3.0,18.409582,25.7825,14.4325,37736.305,0.0,17.072504
2023-12-10 00:00:00+01:00,11150.08,3.0,20.682499,28.832499,14.632501,37709.06,0.0,21.370783
2023-12-11 00:00:00+01:00,9795.39,3.0,21.08875,26.682499,16.2325,37683.82,0.0,32.19938
2023-12-12 00:00:00+01:00,13547.85,1.0,19.861668,27.432499,14.5325,37660.625,0.0,24.464113
2023-12-13 00:00:00+01:00,12954.76,0.0,20.176249,27.2825,14.8325,37639.516,0.0,24.216522
2023-12-14 00:00:00+01:00,11117.2,0.0,18.417917,23.082499,15.382501,37620.52,0.0,27.598173
2023-12-15 00:00:00+01:00,10010.49,0.0,18.313753,26.8825,12.0825,37603.684,0.0,18.0
2023-12-16 00:00:00+01:00,10015.83,3.0,18.742918,22.7825,15.382501,37589.043,0.0,39.18712
2023-12-17 00:00:00+01:00,9681.58,0.0,16.653334,21.182499,13.2325,37576.625,0.0,35.71265
2023-12-18 00:00:00+01:00,9415.53,0.0,15.257501,21.2325,10.7325,37566.473,0.0,27.852928
2023-12-19 00:00:00+01:00,11461.24,0.0,14.728333,21.082499,8.9825,37558.61,0.0,20.608229
2023-12-20 00:00:00+01:00,9625.08,0.0,15.286668,20.682499,10.8325,37553.08,0.0,21.794127
2023-12-21 00:00:00+01:00,9822.34,3.0,15.830415,20.682499,11.6825,37549.91,0.0,26.089447
2023-12-22 00:00:00+01:00,10076.6,3.0,15.509583,21.582499,10.9325,37549.13,0.0,16.363178
2023-12-23 00:00:00+01:00,11602.88,0.0,15.5325,22.7325,9.882501,37550.766,0.0,19.878391
2023-12-24 00:00:00+01:00,11331.6,0.0,16.311668,24.432499,10.2825,37554.855,0.0,19.296135
2023-12-25 00:00:00+01:00,10284.95,0.0,17.174166,25.082499,11.632501,37561.434,0.0,21.96295
2023-12-26 00:00:00+01:00,11772.72,0.0,17.02,25.832499,9.9825,37570.47,0.0,23.469128
2023-12-27 00:00:00+01:00,9902.71,3.0,17.986666,25.432499,12.2825,37581.918,0.0,22.065973
2023-12-28 00:00:00+01:00,11476.05,3.0,17.25125,25.682499,11.0825,37595.74,0.0,21.261345
2023-12-29 00:00:00+01:00,10681.84,3.0,18.0325,26.2825,12.1825,37611.895,0.0,24.408424
2023-12-30 00:00:00+01:00,10244.31,0.0,17.047083,25.082499,10.4825,37630.332,0.0,18.626305
2023-12-31 00:00:00+01:00,9752.93,3.0,16.980415,25.8825,10.2325,37651.02,0.0,15.463246
2024-01-01 00:00:00+01:00,10108.57,3.0,17.649168,25.932499,11.1825,37673.902,0.0,17.313717
2024-01-02 00:00:00+01:00,8299.98,0.0,18.005417,26.0325,11.9325,37698.94,0.0,15.03835
2024-01-03 00:00:00+01:00,7953.08,0.0,19.159582,27.832499,13.6825,37726.09,0.0,20.421871
2024-01-04 00:00:00+01:00,10775.5,2.0,18.515833,26.0325,12.4325,37755.3,0.0,16.135872
2024-01-05 00:00:00+01:00,11759.42,3.0,17.76375,23.5325,13.5325,37786.527,0.0,22.065973
2024-01-06 00:00:00+01:00,12482.37,3.0,17.361666,22.582499,13.5325,37819.727,0.0,23.803596
2024-01-07 00:00:00+01:00,9701.74,3.0,15.678333,21.932499,10.4325,37854.848,0.0,17.654688
2024-01-08 00:00:00+01:00,11182.75,3.0,16.124166,23.082499,11.7825,37891.844,0.0,21.096123
2024-01-09 00:00:00+01:00,11102.99,3.0,17.434584,25.432499,11.382501,37930.67,0.0,20.898613
2024-01-10 00:00:00+01:00,9820.39,1.0,17.647083,25.2825,11.6825,37971.28,0.0,19.61587
2024-01-11 00:00:00+01:00,7736.31,3.0,19.142918,29.5325,12.4825,38013.62,0.0,20.87379
2024-01-12 00:00:00+01:00,8411.22,0.0,21.515833,31.182499,15.7825,38057.65,0.0,30.703587
2024-01-13 00:00:00+01:00,10205.01,3.0,22.272085,30.432499,16.432499,38103.402,0.0,31.361351
2024-01-14 00:00:00+01:00,8718.64,3.0,21.540833,28.8825,16.7825,38151.387,0.0,26.787966
2024-01-15 00:00:00+01:00,8550.83,3.0,21.265835,28.7825,15.4825,38201.625,0.0,22.392464
2024-01-16 00:00:00+01:00,10031.79,3.0,23.628334,28.6325,20.2825,38254.023,0.0,31.557032
2024-01-17 00:00:00+01:00,10413.02,3.0,19.222082,25.582499,14.2825,38308.477,0.0,15.315873
2024-01-18 00:00:00+01:00,9668.02,3.0,17.749166,24.182499,13.632501,38364.89,0.0,18.391737
2024-01-19 00:00:00+01:00,8746.84,3.0,18.817915,22.2825,16.182499,38423.168,0.0,29.522196
2024-01-20 00:00:00+01:00,10888.23,3.0,17.413752,22.6325,13.8325,38483.215,0.0,30.45566
2024-01-21 00:00:00+01:00,8717.1,0.0,17.20542,22.0325,13.2825,38544.938,0.0,33.71338
2024-01-22 00:00:00+01:00,8217.73,3.0,18.303333,27.7825,12.3325,38608.24,0.0,24.766848
2024-01-23 00:00:00+01:00,10089.21,3.0,19.659584,24.1325,15.4325,38673.027,0.0,37.24043
2024-01-24 00:00:00+01:00,10053.34,3.0,18.195002,22.832499,13.5825,38739.21,0.0,32.489876
2024-01-25 00:00:00+01:00,9087.25,3.0,19.890835,25.932499,14.7325,38806.703,0.0,31.154043
2024-01-26 00:00:00+01:00,7820.19,0.0,20.672081,26.682499,15.1825,38875.41,0.0,30.10685
2024-01-27 00:00:00+01:00,11680.4,0.0,20.142918,27.932499,13.6825,38945.246,0.0,23.838959
2024-01-28 00:00:00+01:00,11424.63,0.0,19.736668,27.582499,13.0325,39016.117,0.0,20.172853
2024-01-29 00:00:00+01:00,7772.63,0.0,19.397083,28.1325,12.4825,39087.953,0.0,19.35314
2024-01-30 00:00:00+01:00,10079.98,3.0,19.882504,27.432499,13.2325,39160.65,0.0,19.35314
2024-01-31 00:00:00+01:00,8748.49,2.0,20.855417,27.3825,15.5825,39234.14,0.0,31.863558
2024-02-01 00:00:00+01:00,9369.77,3.0,20.236668,25.932499,15.132501,39308.336,0.0,31.956968
2024-02-02 00:00:00+01:00,9948.44,1.0,19.184584,26.082499,13.3325,39383.273,0.0,26.427528
2024-02-03 00:00:00+01:00,10050.89,3.0,18.603334,24.8825,12.5325,39459.703,0.0,24.735432
2024-02-04 00:00:00+01:00,7775.21,3.0,19.034582,25.932499,13.1825,39537.688,0.0,32.86861
2024-02-05 00:00:00+01:00,8563.23,3.0,19.26167,24.932499,14.132501,39617.117,0.0,32.84494
2024-02-06 00:00:00+01:00,10664.3,3.0,19.628336,26.832499,14.3325,39697.906,0.0,27.729347
2024-02-07 00:00:00+01:00,10137.47,3.0,19.628336,27.7325,13.3325,39779.938,0.0,22.039528
2024-02-08 00:00:00+01:00,10886.8,3.0,19.174166,28.6325,11.882501,39863.13,0.0,17.884428
2024-02-09 00:00:00+01:00,9186.37,3.0,19.486666,27.4825,12.9325,39947.38,0.0,29.869154
2024-02-10 00:00:00+01:00,10635.69,51.0,20.311666,23.582499,17.6325,40032.594,0.2,24.72495
2024-02-11 00:00:00+01:00,9974.04,3.0,18.46375,24.582499,13.8325,40118.68,0.0,29.548521
2024-02-12 00:00:00+01:00,8665.57,3.0,20.217918,27.4825,15.632501,40205.543,0.0,26.208397
2024-02-13 00:00:00+01:00,10213.84,3.0,23.703333,33.982502,15.882501,40293.1,0.0,30.633865
2024-02-14 00:00:00+01:00,10697.13,3.0,23.980415,29.582499,18.5325,40381.254,0.0,21.518847
2024-02-15 00:00:00+01:00,9876.17,3.0,19.861666,26.0325,15.7325,40469.934,0.0,30.861471
2024-02-16 00:00:00+01:00,11630.48,3.0,19.363749,24.932499,16.182499,40559.04,0.0,34.936695
2024-02-17 00:00:00+01:00,11101.0,1.0,18.8075,25.5325,14.9825,40648.484,0.0,34.322937
2024-02-18 00:00:00+01:00,9799.3,0.0,22.378328,30.432499,15.7325,40738.195,0.0,41.899426
2024-02-19 00:00:00+01:00,7622.16,0.0,22.099167,28.0325,16.8825,40828.082,0.0,33.033802
2024-02-20 00:00:00+01:00,10019.46,0.0,19.89292,26.6325,15.5825,40918.07,0.0,27.74103
2024-02-21 00:00:00+01:00,10539.95,3.0,19.961668,29.7825,14.4825,41008.08,0.0,28.58545
2024-02-22 00:00:00+01:00,9596.22,0.0,19.567919,27.2825,13.1825,41098.14,0.0,27.248455
2024-02-23 00:00:00+01:00,8007.68,51.0,18.595,23.6325,14.5825,41189.027,0.1,38.90666
2024-02-24 00:00:00+01:00,10037.01,3.0,18.54083,22.1325,16.432499,41280.812,0.0,46.790306
2024-02-25 00:00:00+01:00,9735.96,1.0,18.60542,24.932499,15.2325,41373.42,0.0,43.22699
2024-02-26 00:00:00+01:00,8450.48,3.0,18.101254,23.682499,14.4825,41466.78,0.0,34.62369
2024-02-27 00:00:00+01:00,9862.95,3.0,17.619999,21.682499,15.4325,41560.8,0.0,43.78701
2024-02-28 00:00:00+01:00,10539.28,1.0,17.909584,24.932499,14.0825,41655.406,0.0,41.26046
2024-02-29 00:00:00+01:00,10549.0,3.0,17.519999,22.4825,13.5325,41750.535,0.0,32.696644
2024-03-01 00:00:00+01:00,11542.09,3.0,17.320002,21.4825,13.9325,41846.1,0.0,28.30983
2024-03-02 00:00:00+01:00,12191.5,3.0,17.297083,22.2825,14.1825,41942.023,0.0,34.207577
2024-03-03 00:00:00+01:00,9928.32,3.0,17.205416,21.932499,13.2325,42038.242,0.0,36.10963
2024-03-04 00:00:00+01:00,8359.52,3.0,17.705416,23.082499,13.882501,42134.684,0.0,34.171566
2024-03-05 00:00:00+01:00,9825.4,2.0,17.890835,23.5325,14.2325,42231.27,0.0,31.311722
2024-03-06 00:00:00+01:00,8871.34,3.0,17.911665,23.932499,14.5825,42327.93,0.0,26.82906
2024-03-07 00:00:00+01:00,10724.67,3.0,17.40542,23.2325,12.2825,42424.594,0.0,31.682047
2024-03-08 00:00:00+01:00,9427.96,2.0,16.830416,21.6325,12.882501,42521.195,0.0,28.948118
2024-03-09 00:00:00+01:00,10980.22,51.0,16.699165,21.4825,11.5325,42617.66,0.4,27.0
2024-03-10 00:00:00+01:00,12941.11,3.0,18.292915,23.1325,13.2325,42713.92,0.0,24.858253
2024-04-15 00:00:00+01:00,8938.93,2.0,25.899168,35.0325,17.432499,46153.11,0.0,23.110205
2024-04-16 00:00:00+01:00,8547.88,1.0,22.301249,30.2825,15.2825,46244.43,0.0,25.812277
2024-04-17 00:00:00+01:00,9009.66,3.0,21.995,31.3825,16.582499,46335.055,0.0,28.71437
2024-04-18 00:00:00+01:00,8802.21,3.0,21.484583,30.082499,14.5325,46424.92,0.0,24.387178
2024-04-19 00:00:00+01:00,8507.460000000001,3.0,20.567915,25.8825,15.6825,46513.953,0.0,27.691935
2024-04-20 00:00:00+01:00,8245.16,3.0,20.053333,25.7825,15.2325,46602.074,0.0,33.24498
2024-04-21 00:00:00+01:00,9093.91,3.0,19.888748,25.1325,15.2825,46689.21,0.0,31.427404
2024-04-22 00:00:00+01:00,8226.12,3.0,20.199167,26.2825,15.7825,46775.383,0.0,29.627363
2024-04-23 00:00:00+01:00,8977.62,3.0,20.484585,25.7325,16.2825,46861.227,0.0,28.576382
2024-04-24 00:00:00+01:00,7351.35,3.0,22.034584,29.182499,16.682499,46946.805,0.0,29.888672
2024-04-25 00:00:00+01:00,9890.08,3.0,20.847084,27.6325,15.5325,47032.062,0.0,30.589407
2024-04-26 00:00:00+01:00,8690.05,3.0,19.792917,26.0325,15.4825,47116.93,0.0,29.539747
2024-04-27 00:00:00+01:00,8430.43,3.0,19.236666,23.8825,14.5325,47201.336,0.0,27.288855
2024-04-28 00:00:00+01:00,9362.74,3.0,19.238749,24.2825,15.0325,47285.22,0.0,34.606842
2024-04-29 00:00:00+01:00,8825.91,1.0,18.622084,23.432499,14.382501,47368.504,0.0,35.010807
2024-04-30 00:00:00+01:00,9165.23,1.0,18.886667,24.0325,14.6825,47451.12,0.0,34.608715
2024-05-01 00:00:00+01:00,9418.88,2.0,19.655416,25.582499,14.9825,47533.0,0.0,32.90999
2024-05-02 00:00:00+01:00,7408.62,3.0,19.959585,25.832499,15.4325,47614.062,0.0,35.230373
2024-05-03 00:00:00+01:00,9904.72,1.0,20.236668,28.6325,14.4325,47694.242,0.0,30.652895
2024-05-04 00:00:00+01:00,9527.5,3.0,20.58042,29.3825,15.2825,47773.457,0.0,33.24498
2024-05-05 00:00:00+01:00,9495.73,3.0,20.615835,29.2325,14.632501,47851.63,0.0,34.145008
2024-05-06 00:00:00+01:00,10240.36,3.0,21.097086,28.0325,16.182499,47928.684,0.0,35.261623
2024-05-07 00:00:00+01:00,9865.74,3.0,22.322088,31.2825,16.7325,48004.535,0.0,29.088802
2024-05-08 00:00:00+01:00,11238.84,3.0,22.842916,35.0325,15.8325,48079.105,0.0,28.551426
2024-05-09 00:00:00+01:00,12346.56,3.0,22.209581,29.7325,16.2825,48152.316,0.0,30.45566
2024-05-10 00:00:00+01:00,10827.98,3.0,21.72625,28.0325,17.7825,48224.08,0.0,32.2034
2024-05-11 00:00:00+01:00,10479.84,3.0,21.461664,26.182499,18.332499,48294.312,0.0,34.10133
2024-05-12 00:00:00+01:00,8990.07,3.0,20.784582,25.182499,17.432499,48363.01,0.0,33.75756
2024-05-13 00:00:00+01:00,9904.9,51.0,21.005419,25.582499,18.182499,48430.734,0.5,33.55733
2024-05-14 00:00:00+01:00,10379.63,51.0,21.003332,25.682499,18.182499,48497.54,0.2,37.99322
2024-05-15 00:00:00+01:00,10610.94,3.0,20.3825,24.082499,17.932499,48563.363,0.0,32.24161
2024-05-16 00:00:00+01:00,11573.16,3.0,20.009583,24.332499,17.0325,48628.145,0.0,32.47192
2024-05-17 00:00:00+01:00,10536.8,51.0,20.82625,25.2825,17.8825,48691.82,0.2,28.001427
2024-05-18 00:00:00+01:00,13646.17,3.0,20.565832,26.082499,16.4825,48754.324,0.0,29.723444
2024-05-19 00:00:00+01:00,11513.97,1.0,20.165833,25.682499,14.9325,48815.594,0.0,29.070974
2024-05-20 00:00:00+01:00,10145.14,1.0,19.697084,24.7825,14.7325,48875.555,0.0,33.481937
2024-05-21 00:00:00+01:00,10216.99,3.0,19.93667,24.9825,15.2325,48934.15,0.0,34.07091
2024-05-22 00:00:00+01:00,9828.04,3.0,19.959581,24.6325,16.1325,48991.305,0.0,32.431984
2024-05-23 00:00:00+01:00,9132.78,3.0,20.403332,25.182499,16.8825,49046.96,0.0,31.353085
2024-05-24 00:00:00+01:00,87.81,3.0,20.067919,24.682499,16.0325,49101.04,0.0,30.259275
